How to make my favorite spring snack: Matcha muddy buddies,"Mon, 11 Mar 2024 17:07:00 -0700"
How I navigate NARP life as an ex-athlete,"Mon, 11 Mar 2024 16:35:00 -0700"
tire_Ian Abbott_Creative Commons.jpg,"Mon, 11 Mar 2024 16:19:22 -0700"
Another preventable tragedy,"Mon, 11 Mar 2024 15:29:00 -0700"
Should I stay or do I go?,"Mon, 11 Mar 2024 11:41:00 -0700"
Illustration for slug granted,"Mon, 11 Mar 2024 11:04:00 -0700"
Boichik Bagels in Berkeley targeted with antisemitic graffiti,"Mon, 11 Mar 2024 10:36:00 -0700"
"No. 18 Cal places 10th in Cabo, looks for redemption in Pauma","Mon, 11 Mar 2024 09:50:00 -0700"
"SF Ballet soloist Sasha Mukhamedov talks Balanchine, returning to ‘A Midsummer Night’s Dream’","Mon, 11 Mar 2024 09:00:00 -0700"
"Economist Thomas Marschak, UC Berkeley researcher, teacher for 60 years, dies at 93","Mon, 11 Mar 2024 07:49:00 -0700"
