Here's how much income you'll need to comfortably own a San Jose home. Hint: It's a lot,Kristofer Noceda,
Taco Bell closes dining rooms in Oakland due to safety concerns,Velena Jones,
Possible measles exposure reported in Sacramento,NBC Bay Area staff,
Biden's proposed budget includes $4.7 billion emergency fund for border migrant surges,Julia Ainsley | NBC News,
Warden ousted as FBI again searches California federal women's prison plagued by sexual abuse,Michael R. Sisak and Michael Balsamo,
How PG&E rate hikes are impacting electric vehicle charging,Bob Redell,
TikTok creators look for other places to make money as threat of U.S. ban gains steam,"Zach Vallese,CNBC",
Jewish students at UC Berkeley to rally against antisemitism,Ginger Conejero Saab,
Former Benicia teacher charged with lewd acts with students,Jodi Hernandez and Kris Sanchez,
Airbnb is banning the use of indoor security cameras in the platform's listings worldwide,Gaetane Lewis | The Associated Press,
Businesses gear up for Oakland Restaurant Week,Alyssa Goard,
Santa Rosa family survives crash with plane parachute in Mendocino County,NBC Bay Area staff,
Musical project launches to help revitalize SF's Mid-Market neighborhood,Christie Smith,
See the complete list of winners for the 2024 Oscars,NBC Staff,
Bay Bridge shooting leaves 1 injured,NBC Bay Area staff,
San Francisco Animal Care and Control asks people to hold off on surrendering dogs,NBC Bay Area staff,
"Protesters march near Oscars site, decry Hollywood support of Israel",City News Service,
1 dead after Oakland Hills car crash,Tony Hicks | Bay City News,
See the best red carpet looks from the 2024 Oscars,Janete Weinstein,
People are cringing after Madonna accidentally calls out a fan for sitting at her show â€” in a wheelchair,Angela Yang | NBC News,